selector,js_time_ms,local_time_s
"input[type=""email""]",1759177222502,1759177222.503415
#identifierNext,1759177222723,1759177222.7245471
