selector,js_time_ms,local_time_s
"input[type=""email""]",1759256845626,1759256845.6275032
#identifierNext,1759256845832,1759256845.833686
